Artist,Title (EN),Title (RU),Date,Medium,Dimensions(cm),Museum,Inventory ID,Image (direct hi-res),Image (Commons lookup),Image page,Category
Claude Monet,Luncheon on the Grass,Завтрак на траве,1866,oil on canvas,129.8×181.1,Pushkin,,https://commons.wikimedia.org/wiki/Special:FilePath/Claude_Monet_-_Le_dejeuner_sur_l%E2%80%99herbe.JPG,https://commons.wikimedia.org/w/index.php?search=Claude%20Monet%20Luncheon%20on%20the%20Grass&title=Special:MediaSearch&type=image,,painting
Claude Monet,"Lady in the Garden, Sainte-Adresse",Дама в саду,1867,oil on canvas,50×65.2,Hermitage,,,https://commons.wikimedia.org/w/index.php?search=Claude%20Monet%20Lady%20in%20the%20Garden%2C%20Sainte-Adresse&title=Special:MediaSearch&type=image,,painting
Claude Monet,Lilac in the Sun,Сирень на солнце,1872–73,oil on canvas,50×65,Pushkin,,,https://commons.wikimedia.org/w/index.php?search=Claude%20Monet%20Lilac%20in%20the%20Sun&title=Special:MediaSearch&type=image,,painting
Claude Monet,"Rocks at Belle-Île (Pyramids of Port-Coton, Wild Sea)",Скалы в Бель-Иль,1886,oil on canvas,65×81,Pushkin,,,https://commons.wikimedia.org/w/index.php?search=Claude%20Monet%20Rocks%20at%20Belle-%C3%8Ele%20%28Pyramids%20of%20Port-Coton%2C%20Wild%20Sea%29&title=Special:MediaSearch&type=image,,painting
Claude Monet,Cliffs at Étretat,,1886,oil on canvas,66×81,Pushkin,,,https://commons.wikimedia.org/w/index.php?search=Claude%20Monet%20Cliffs%20at%20%C3%89tretat&title=Special:MediaSearch&type=image,,painting
Claude Monet,Haystack at Giverny,,1886,oil on canvas,60.6×81.1,Hermitage,,,https://commons.wikimedia.org/w/index.php?search=Claude%20Monet%20Haystack%20at%20Giverny&title=Special:MediaSearch&type=image,,painting
Claude Monet,Meadows at Giverny,,1888,oil on canvas,93.1×81.8,Hermitage,,,https://commons.wikimedia.org/w/index.php?search=Claude%20Monet%20Meadows%20at%20Giverny&title=Special:MediaSearch&type=image,,painting
Claude Monet,Rouen Cathedral at Noon,Руанский собор в полдень,1894,oil on canvas,100.1×65,Pushkin,,,https://commons.wikimedia.org/w/index.php?search=Claude%20Monet%20Rouen%20Cathedral%20at%20Noon&title=Special:MediaSearch&type=image,,painting
Claude Monet,Rouen Cathedral in the Evening,Руанский собор вечером,1894,oil on canvas,100.2×65.3,Pushkin,,,https://commons.wikimedia.org/w/index.php?search=Claude%20Monet%20Rouen%20Cathedral%20in%20the%20Evening&title=Special:MediaSearch&type=image,,painting
Claude Monet,On the Steep Banks near Dieppe,,1897,oil on canvas,65.4×100.2,Hermitage,,,https://commons.wikimedia.org/w/index.php?search=Claude%20Monet%20On%20the%20Steep%20Banks%20near%20Dieppe&title=Special:MediaSearch&type=image,,painting
Claude Monet,White Water Lilies,Белые кувшинки,1899,oil on canvas,89.4×92.6,Pushkin,,,https://commons.wikimedia.org/w/index.php?search=Claude%20Monet%20White%20Water%20Lilies&title=Special:MediaSearch&type=image,,painting
Claude Monet,Vétheuil,,1901,oil on canvas,89.6×92.3,Pushkin,,,https://commons.wikimedia.org/w/index.php?search=Claude%20Monet%20V%C3%A9theuil&title=Special:MediaSearch&type=image,,painting
Claude Monet,"Seagulls. The Thames in London, Houses of Parliament",Чайки. Темза в Лондоне. Здание парламента,1904,oil on canvas,82×92,Pushkin,,,https://commons.wikimedia.org/w/index.php?search=Claude%20Monet%20Seagulls.%20The%20Thames%20in%20London%2C%20Houses%20of%20Parliament&title=Special:MediaSearch&type=image,,painting
Pierre-Auguste Renoir,Nude (Female Nude),Обнажённая,1876,oil on canvas,92×73,Pushkin,,,https://commons.wikimedia.org/w/index.php?search=Pierre-Auguste%20Renoir%20Nude%20%28Female%20Nude%29&title=Special:MediaSearch&type=image,,painting
Pierre-Auguste Renoir,Lady in Black,Дама в чёрном,c.1876,oil on canvas,65.5×55.5,Hermitage,,https://commons.wikimedia.org/wiki/Special:FilePath/Auguste_Renoir_-_Femme_en_noir_%28Mus%C3%A9e_de_l%27Ermitage%29.jpg,https://commons.wikimedia.org/w/index.php?search=Pierre-Auguste%20Renoir%20Lady%20in%20Black&title=Special:MediaSearch&type=image,,painting
Pierre-Auguste Renoir,Girls in Black,Девушки в чёрном,1880–82,oil on canvas,81.3×65.2,Pushkin,,,https://commons.wikimedia.org/w/index.php?search=Pierre-Auguste%20Renoir%20Girls%20in%20Black&title=Special:MediaSearch&type=image,,painting
Edgar Degas,Dancers in Rehearsal,,1875–77,pastel on board,50×63,Pushkin,,,https://commons.wikimedia.org/w/index.php?search=Edgar%20Degas%20Dancers%20in%20Rehearsal&title=Special:MediaSearch&type=image,,drawing/work on paper
Edgar Degas,Cantering Racehorses,,c.1880,pastel,36.5×86.1,Pushkin,,,https://commons.wikimedia.org/w/index.php?search=Edgar%20Degas%20Cantering%20Racehorses&title=Special:MediaSearch&type=image,,drawing/work on paper
Edgar Degas,Woman Combing her Hair,,1884,pastel on board,53×52,Hermitage,,,https://commons.wikimedia.org/w/index.php?search=Edgar%20Degas%20Woman%20Combing%20her%20Hair&title=Special:MediaSearch&type=image,,drawing/work on paper
Edgar Degas,Dancer at the Photographer's (Dancer before a Window),,1873–75,oil on canvas,65×50,Pushkin,,https://commons.wikimedia.org/wiki/Special:FilePath/Edgar_Degas_-_Dancer_posing_for_a_Photographer_%281875%29.jpg,https://commons.wikimedia.org/w/index.php?search=Edgar%20Degas%20Dancer%20at%20the%20Photographer%27s%20%28Dancer%20before%20a%20Window%29&title=Special:MediaSearch&type=image,,painting
Edgar Degas,Blue Dancers,Голубые танцовщицы,c.1898,pastel,64×64.6,Pushkin,,,https://commons.wikimedia.org/w/index.php?search=Edgar%20Degas%20Blue%20Dancers&title=Special:MediaSearch&type=image,,drawing/work on paper
Camille Pissarro,Place du Théâtre Français in Paris,,1898,oil on canvas,65×81,Hermitage,,,https://commons.wikimedia.org/w/index.php?search=Camille%20Pissarro%20Place%20du%20Th%C3%A9%C3%A2tre%20Fran%C3%A7ais%20in%20Paris&title=Special:MediaSearch&type=image,,painting
Camille Pissarro,"Avenue de l'Opéra, Snow Effect, Morning",,1899,oil on canvas,65.4×81.5,Pushkin,,https://commons.wikimedia.org/wiki/Special:FilePath/Camille_Pissarro_-_Avenue_de_l%27Op%C3%A9ra%2C_effet_de_neige%2C_le_matin_%28Pushkin_Museum%29.jpg,https://commons.wikimedia.org/w/index.php?search=Camille%20Pissarro%20Avenue%20de%20l%27Op%C3%A9ra%2C%20Snow%20Effect%2C%20Morning&title=Special:MediaSearch&type=image,,painting
Alfred Sisley,The Town of Villeneuve-la-Garenne (Village on the Seine),,1872,oil on canvas,59.2×80.5,Hermitage,,,https://commons.wikimedia.org/w/index.php?search=Alfred%20Sisley%20The%20Town%20of%20Villeneuve-la-Garenne%20%28Village%20on%20the%20Seine%29&title=Special:MediaSearch&type=image,,painting
Paul Cézanne,Self-Portrait,Автопортрет,c.1875,oil on canvas,45×36.9,Pushkin,,https://commons.wikimedia.org/wiki/Special:FilePath/Autoportrait_de_Paul_C%C3%A9zanne_%28Fondation_Louis_Vuitton%2C_Paris%29_%2831534573960%29.jpg,https://commons.wikimedia.org/w/index.php?search=Paul%20C%C3%A9zanne%20Self-Portrait&title=Special:MediaSearch&type=image,,painting
Paul Cézanne,Bouquet of Flowers in a Vase,,c.1877,oil on canvas,55.5×46.2,Hermitage,,,https://commons.wikimedia.org/w/index.php?search=Paul%20C%C3%A9zanne%20Bouquet%20of%20Flowers%20in%20a%20Vase&title=Special:MediaSearch&type=image,,painting
Paul Cézanne,Fruit,,1879–80,oil on canvas,45.1×54.2,Hermitage,,,https://commons.wikimedia.org/w/index.php?search=Paul%20C%C3%A9zanne%20Fruit&title=Special:MediaSearch&type=image,,painting
Paul Cézanne,Aqueduct,,1885–90,oil on canvas,91×72,Pushkin,,,https://commons.wikimedia.org/w/index.php?search=Paul%20C%C3%A9zanne%20Aqueduct&title=Special:MediaSearch&type=image,,painting
Paul Cézanne,Pierrot and Harlequin (Mardi Gras),Пьеро и Арлекин (Масленица),1888–90,oil on canvas,102×81,Pushkin,,,https://commons.wikimedia.org/w/index.php?search=Paul%20C%C3%A9zanne%20Pierrot%20and%20Harlequin%20%28Mardi%20Gras%29&title=Special:MediaSearch&type=image,,painting
Paul Cézanne,Man Smoking a Pipe (Smoker),Курильщик,1893–96,oil on canvas,91×72,Pushkin,,,https://commons.wikimedia.org/w/index.php?search=Paul%20C%C3%A9zanne%20Man%20Smoking%20a%20Pipe%20%28Smoker%29&title=Special:MediaSearch&type=image,,painting
Paul Cézanne,Lady in Blue,Дама в голубом,c.1900,oil on canvas,90×73.5,Hermitage,,,https://commons.wikimedia.org/w/index.php?search=Paul%20C%C3%A9zanne%20Lady%20in%20Blue&title=Special:MediaSearch&type=image,,painting
Paul Cézanne,Mont Sainte-Victoire (from Les Lauves),Гора Святой Виктории,1904–06,oil on canvas,60×73,Pushkin,,,https://commons.wikimedia.org/w/index.php?search=Paul%20C%C3%A9zanne%20Mont%20Sainte-Victoire%20%28from%20Les%20Lauves%29&title=Special:MediaSearch&type=image,,painting
Vincent van Gogh,The Arena at Arles,Арена в Арле,1888,oil on plywood,73×92.3,Hermitage,,,https://commons.wikimedia.org/w/index.php?search=Vincent%20van%20Gogh%20The%20Arena%20at%20Arles&title=Special:MediaSearch&type=image,,painting
Vincent van Gogh,Memory of the Garden at Etten (Ladies of Arles),Воспоминание о саде в Эттене (Арлезианки),1888,oil on canvas,73×92,Hermitage,,,https://commons.wikimedia.org/w/index.php?search=Vincent%20van%20Gogh%20Memory%20of%20the%20Garden%20at%20Etten%20%28Ladies%20of%20Arles%29&title=Special:MediaSearch&type=image,,painting
Vincent van Gogh,Portrait of Doctor Rey,Портрет доктора Рея,1889,oil on canvas,64×53,Pushkin,,,https://commons.wikimedia.org/w/index.php?search=Vincent%20van%20Gogh%20Portrait%20of%20Doctor%20Rey&title=Special:MediaSearch&type=image,,painting
Vincent van Gogh,The Bush,Куст,1889,oil on canvas,72×92,Hermitage,,,https://commons.wikimedia.org/w/index.php?search=Vincent%20van%20Gogh%20The%20Bush&title=Special:MediaSearch&type=image,,painting
Paul Gauguin,Fruit,Фрукты,1888,oil on canvas,43×58,Pushkin,,,https://commons.wikimedia.org/w/index.php?search=Paul%20Gauguin%20Fruit&title=Special:MediaSearch&type=image,,painting
Paul Gauguin,Self-Portrait,Автопортрет,c.1889,oil on canvas,46×37,Pushkin,,,https://commons.wikimedia.org/w/index.php?search=Paul%20Gauguin%20Self-Portrait&title=Special:MediaSearch&type=image,,painting
Paul Gauguin,Conversation (Les Parau Parau),Беседа (Les Parau Parau),1891,oil on canvas,69.5×92.5,Hermitage,,,https://commons.wikimedia.org/w/index.php?search=Paul%20Gauguin%20Conversation%20%28Les%20Parau%20Parau%29&title=Special:MediaSearch&type=image,,painting
Paul Gauguin,What! Are You Jealous? (Aha oe feii?),"А, ты ревнуешь?",1892,oil on canvas,66×89,Pushkin,,,https://commons.wikimedia.org/w/index.php?search=Paul%20Gauguin%20What%21%20Are%20You%20Jealous%3F%20%28Aha%20oe%20feii%3F%29&title=Special:MediaSearch&type=image,,painting
Paul Gauguin,Her Name was Vairaumati (Vairumati tei Oa),Её звали Вайраумати,1892,oil on canvas,91×68,Pushkin,,https://commons.wikimedia.org/wiki/Special:FilePath/Gauguin_-_Ihr_Name_ist_Vairaumati_-_1892.jpg,https://commons.wikimedia.org/w/index.php?search=Paul%20Gauguin%20Her%20Name%20was%20Vairaumati%20%28Vairumati%20tei%20Oa%29&title=Special:MediaSearch&type=image,,painting
Paul Gauguin,Baby (Nativity),Младенец (Рождество),1896,oil on canvas,65.5×75,Hermitage,,,https://commons.wikimedia.org/w/index.php?search=Paul%20Gauguin%20Baby%20%28Nativity%29&title=Special:MediaSearch&type=image,,painting
Paul Gauguin,The King's Wife (Te arii vahine),Жена короля (Королева),1896,oil on canvas,97×130,Pushkin,,,https://commons.wikimedia.org/w/index.php?search=Paul%20Gauguin%20The%20King%27s%20Wife%20%28Te%20arii%20vahine%29&title=Special:MediaSearch&type=image,,painting
Paul Gauguin,Eiaha Ohipa (Tahitians in a Room / Don't Work),Eiaha Ohipa (Не работай),1896,oil on canvas,65×75,Pushkin,,,https://commons.wikimedia.org/w/index.php?search=Paul%20Gauguin%20Eiaha%20Ohipa%20%28Tahitians%20in%20a%20Room%20/%20Don%27t%20Work%29&title=Special:MediaSearch&type=image,,painting
Paul Gauguin,Scene from Tahitian Life,Сцена из жизни таитян,1896,oil on canvas,90×125.7,Hermitage,,,https://commons.wikimedia.org/w/index.php?search=Paul%20Gauguin%20Scene%20from%20Tahitian%20Life&title=Special:MediaSearch&type=image,,painting
Paul Gauguin,Man Picking Fruit from a Tree,"Мужчина, собирающий плоды с дерева",1897,oil on canvas,91.8×73.2,Hermitage,,,https://commons.wikimedia.org/w/index.php?search=Paul%20Gauguin%20Man%20Picking%20Fruit%20from%20a%20Tree&title=Special:MediaSearch&type=image,,painting
Paul Gauguin,Idol (Rave te hiti aamu),Идол (Rave te hiti aamu),1898,oil on canvas,73.5×92,Hermitage,,,https://commons.wikimedia.org/w/index.php?search=Paul%20Gauguin%20Idol%20%28Rave%20te%20hiti%20aamu%29&title=Special:MediaSearch&type=image,,painting
Paul Gauguin,The Fruit Harvest (Rupe Rupe),Сбор плодов (Rupe Rupe),1899,oil on canvas,128×190,Pushkin,,,https://commons.wikimedia.org/w/index.php?search=Paul%20Gauguin%20The%20Fruit%20Harvest%20%28Rupe%20Rupe%29&title=Special:MediaSearch&type=image,,painting
Paul Gauguin,Landscape. Horse on the Road,Пейзаж. Лошадь на дороге,1899,oil on canvas,94×73,Pushkin,,,https://commons.wikimedia.org/w/index.php?search=Paul%20Gauguin%20Landscape.%20Horse%20on%20the%20Road&title=Special:MediaSearch&type=image,,painting
Paul Gauguin,Women on the Seashore (Motherhood),Женщины на берегу моря (Материнство),1899,oil on canvas,95.5×73.5,Hermitage,,,https://commons.wikimedia.org/w/index.php?search=Paul%20Gauguin%20Women%20on%20the%20Seashore%20%28Motherhood%29&title=Special:MediaSearch&type=image,,painting
Paul Gauguin,Te avae no Maria (Month of Mary),Месяц Марии (Te avae no Maria),1899,oil on canvas,96×74.5,Hermitage,,,https://commons.wikimedia.org/w/index.php?search=Paul%20Gauguin%20Te%20avae%20no%20Maria%20%28Month%20of%20Mary%29&title=Special:MediaSearch&type=image,,painting
Paul Gauguin,Sunflowers,Подсолнечники,1901,oil on canvas,71.6×91,Hermitage,,,https://commons.wikimedia.org/w/index.php?search=Paul%20Gauguin%20Sunflowers&title=Special:MediaSearch&type=image,,painting
Paul Gauguin,The Ford (Flight),Брод (Бегство),1901,oil on canvas,76×95,Pushkin,,,https://commons.wikimedia.org/w/index.php?search=Paul%20Gauguin%20The%20Ford%20%28Flight%29&title=Special:MediaSearch&type=image,,painting
Henri Matisse,Still Life. Crockery on a Table,,1900,oil on canvas,96.7×81.6,Hermitage,,,https://commons.wikimedia.org/w/index.php?search=Henri%20Matisse%20Still%20Life.%20Crockery%20on%20a%20Table&title=Special:MediaSearch&type=image,,painting
Henri Matisse,Luxembourg Gardens,Люксембургский сад,1901,oil on canvas,59.4×81.4,Hermitage,,,https://commons.wikimedia.org/w/index.php?search=Henri%20Matisse%20Luxembourg%20Gardens&title=Special:MediaSearch&type=image,,painting
Henri Matisse,Dishes and Fruit (Yellow-Lilac Still Life),,1901,oil on canvas,51×61.5,Hermitage,,,https://commons.wikimedia.org/w/index.php?search=Henri%20Matisse%20Dishes%20and%20Fruit%20%28Yellow-Lilac%20Still%20Life%29&title=Special:MediaSearch&type=image,,painting
Henri Matisse,Bois de Boulogne,,1902,oil on canvas,65×81.5,Pushkin,,,https://commons.wikimedia.org/w/index.php?search=Henri%20Matisse%20Bois%20de%20Boulogne&title=Special:MediaSearch&type=image,,painting
Henri Matisse,View of Collioure,,1905,oil on canvas,59.4×73.1,Hermitage,,,https://commons.wikimedia.org/w/index.php?search=Henri%20Matisse%20View%20of%20Collioure&title=Special:MediaSearch&type=image,,painting
Henri Matisse,The Angler (Fisherman),,1905,reed pen and ink,30.2×48.6,Pushkin,ГМИИ Р-10260,,https://commons.wikimedia.org/w/index.php?search=Henri%20Matisse%20The%20Angler%20%28Fisherman%29&title=Special:MediaSearch&type=image,,drawing/work on paper
Henri Matisse,"Vase, Bottle and Fruit",,c.1906,oil on canvas,73×93,Hermitage,,,https://commons.wikimedia.org/w/index.php?search=Henri%20Matisse%20Vase%2C%20Bottle%20and%20Fruit&title=Special:MediaSearch&type=image,,painting
Henri Matisse,Dishes and Fruit on a Red and Black Carpet,,1906,oil on canvas,65.5×73.3,Hermitage,,,https://commons.wikimedia.org/w/index.php?search=Henri%20Matisse%20Dishes%20and%20Fruit%20on%20a%20Red%20and%20Black%20Carpet&title=Special:MediaSearch&type=image,,painting
Henri Matisse,Lady on the Terrace (Venice. Terrace),,c.1907,oil on canvas,65×80.5,Hermitage,,,https://commons.wikimedia.org/w/index.php?search=Henri%20Matisse%20Lady%20on%20the%20Terrace%20%28Venice.%20Terrace%29&title=Special:MediaSearch&type=image,,painting
Henri Matisse,The Red Room (Harmony in Red),Красная комната (Гармония в красном),1908,oil on canvas,180×220,Hermitage,,,https://commons.wikimedia.org/w/index.php?search=Henri%20Matisse%20The%20Red%20Room%20%28Harmony%20in%20Red%29&title=Special:MediaSearch&type=image,hermitagemuseum.org/digital-collection/28389,painting
Henri Matisse,Game of Bowls,Игра в шары,1908,oil on canvas,115×146.6,Hermitage,ГЭ ГЭ-9154,,https://commons.wikimedia.org/w/index.php?search=Henri%20Matisse%20Game%20of%20Bowls&title=Special:MediaSearch&type=image,,painting
Henri Matisse,Nymph and Satyr,Нимфа и сатир,1908,oil on canvas,89.6×116.9,Hermitage,,,https://commons.wikimedia.org/w/index.php?search=Henri%20Matisse%20Nymph%20and%20Satyr&title=Special:MediaSearch&type=image,,painting
Henri Matisse,Statuette and Vases on an Oriental Carpet,,1908,oil on canvas,89.3×104.6,Pushkin,,,https://commons.wikimedia.org/w/index.php?search=Henri%20Matisse%20Statuette%20and%20Vases%20on%20an%20Oriental%20Carpet&title=Special:MediaSearch&type=image,,painting
Henri Matisse,Nude. Black and Gold,,1908,oil on canvas,100×65,Hermitage,ГЭ ГЭ-9057,https://www.newestmuseum.ru/full/index.php?id=GE_9057&coll=1,https://commons.wikimedia.org/w/index.php?search=Henri%20Matisse%20Nude.%20Black%20and%20Gold&title=Special:MediaSearch&type=image,,painting
Henri Matisse,Bathers. Composition No. II,,Mar 1909,"pen, ink, watercolour",22×29.2,Pushkin,ГМИИ Р-10308,,https://commons.wikimedia.org/w/index.php?search=Henri%20Matisse%20Bathers.%20Composition%20No.%20II&title=Special:MediaSearch&type=image,,drawing/work on paper
Henri Matisse,Spanish Woman with a Tambourine,Испанка с бубном,1909,oil on canvas,92×73,Pushkin,,,https://commons.wikimedia.org/w/index.php?search=Henri%20Matisse%20Spanish%20Woman%20with%20a%20Tambourine&title=Special:MediaSearch&type=image,,painting
Henri Matisse,Lady in Green (Woman in Green with a Red Carnation),,c.1909,oil on canvas,64.6×54,Hermitage,,,https://commons.wikimedia.org/w/index.php?search=Henri%20Matisse%20Lady%20in%20Green%20%28Woman%20in%20Green%20with%20a%20Red%20Carnation%29&title=Special:MediaSearch&type=image,,painting
Henri Matisse,Bouquet of Flowers in a White Vase,,1909,oil on canvas,82×100.5,Pushkin,,,https://commons.wikimedia.org/w/index.php?search=Henri%20Matisse%20Bouquet%20of%20Flowers%20in%20a%20White%20Vase&title=Special:MediaSearch&type=image,,painting
Henri Matisse,Still Life with a Blue Tablecloth,Натюрморт с голубой скатертью,1909,oil on canvas,88×118,Hermitage,,,https://commons.wikimedia.org/w/index.php?search=Henri%20Matisse%20Still%20Life%20with%20a%20Blue%20Tablecloth&title=Special:MediaSearch&type=image,,painting
Henri Matisse,Girl with Tulips,,1910,oil on canvas,92×73.3,Hermitage,,,https://commons.wikimedia.org/w/index.php?search=Henri%20Matisse%20Girl%20with%20Tulips&title=Special:MediaSearch&type=image,,painting
Henri Matisse,Spanish Still Life,,1910,oil on canvas,89.5×116.3,Hermitage,,,https://commons.wikimedia.org/w/index.php?search=Henri%20Matisse%20Spanish%20Still%20Life&title=Special:MediaSearch&type=image,,painting
Henri Matisse,Seville Still Life,,1910,oil on canvas,90×116.7,Hermitage,,,https://commons.wikimedia.org/w/index.php?search=Henri%20Matisse%20Seville%20Still%20Life&title=Special:MediaSearch&type=image,,painting
Henri Matisse,Pink Statuette and Jug on a Red Chest,,1910,oil on canvas,89.9×116.8,Hermitage,,,https://commons.wikimedia.org/w/index.php?search=Henri%20Matisse%20Pink%20Statuette%20and%20Jug%20on%20a%20Red%20Chest&title=Special:MediaSearch&type=image,,painting
Henri Matisse,Dance,Танец,1910,oil on canvas,258×390,Hermitage,ГЭ ГЭ-9673 (ист. ГМНЗИ-98),https://www.newestmuseum.ru/full/index.php?id=GE_9673&coll=1,https://commons.wikimedia.org/w/index.php?search=Henri%20Matisse%20Dance&title=Special:MediaSearch&type=image,hermitagemuseum.org/digital-collection/28411,painting
Henri Matisse,Music,Музыка,1910,oil on canvas,260×389,Hermitage,ГЭ ГЭ-9674 (ист. ГМНЗИ-97),https://www.newestmuseum.ru/full/index.php?id=GE_9674&coll=1,https://commons.wikimedia.org/w/index.php?search=Henri%20Matisse%20Music&title=Special:MediaSearch&type=image,hermitagemuseum.org/digital-collection/28411,painting
Henri Matisse,The Artist's Studio (Pink Studio),Мастерская художника (Розовая мастерская),1911,oil on canvas,182×222,Pushkin,,,https://commons.wikimedia.org/w/index.php?search=Henri%20Matisse%20The%20Artist%27s%20Studio%20%28Pink%20Studio%29&title=Special:MediaSearch&type=image,,painting
Henri Matisse,Family Portrait,Семейный портрет,1911,oil on canvas,143.3×194,Hermitage,,,https://commons.wikimedia.org/w/index.php?search=Henri%20Matisse%20Family%20Portrait&title=Special:MediaSearch&type=image,,painting
Henri Matisse,Ex-libris of I.S. Shchukin,,1911–12,"pen, ink, pencil",22.3×16.3,Pushkin,ГМИИ Р-10279,,https://commons.wikimedia.org/w/index.php?search=Henri%20Matisse%20Ex-libris%20of%20I.S.%20Shchukin&title=Special:MediaSearch&type=image,,drawing/work on paper
Henri Matisse,The Artist's Studio (study),,Jan 1912,"pencil, watercolour",21.6×26.8,Pushkin,ГМИИ Р-10478,,https://commons.wikimedia.org/w/index.php?search=Henri%20Matisse%20The%20Artist%27s%20Studio%20%28study%29&title=Special:MediaSearch&type=image,,study
Henri Matisse,Goldfish (Red Fish),Красные рыбы (Золотые рыбки),1912,oil on canvas,140×98,Pushkin,,,https://commons.wikimedia.org/w/index.php?search=Henri%20Matisse%20Goldfish%20%28Red%20Fish%29&title=Special:MediaSearch&type=image,,painting
Henri Matisse,Corner of the Studio,Уголок мастерской,1912,oil on canvas,191.5×114,Pushkin,,,https://commons.wikimedia.org/w/index.php?search=Henri%20Matisse%20Corner%20of%20the%20Studio&title=Special:MediaSearch&type=image,,painting
Henri Matisse,Nasturtiums with 'Dance' II,Настурции. Панно «Танец» II,1912,oil on canvas,190.5×114.4,Pushkin,,,https://commons.wikimedia.org/w/index.php?search=Henri%20Matisse%20Nasturtiums%20with%20%27Dance%27%20II&title=Special:MediaSearch&type=image,,painting
Henri Matisse,Bouquet of Flowers. Calla Lilies (on the Veranda),,1912,oil on canvas,146×97,Hermitage,,,https://commons.wikimedia.org/w/index.php?search=Henri%20Matisse%20Bouquet%20of%20Flowers.%20Calla%20Lilies%20%28on%20the%20Veranda%29&title=Special:MediaSearch&type=image,,painting
Henri Matisse,Vase with Irises,,1912,oil on canvas,117.6×100,Hermitage,,,https://commons.wikimedia.org/w/index.php?search=Henri%20Matisse%20Vase%20with%20Irises&title=Special:MediaSearch&type=image,,painting
Henri Matisse,The Moroccan Amido,Марокканец Амидо,1912,oil on canvas,147×61.3,Hermitage,,,https://commons.wikimedia.org/w/index.php?search=Henri%20Matisse%20The%20Moroccan%20Amido&title=Special:MediaSearch&type=image,,painting
Henri Matisse,Standing Zora (Moroccan Woman),Стоящая Зора (Марокканка),1912,oil on canvas,146.3×60.9,Hermitage,,,https://commons.wikimedia.org/w/index.php?search=Henri%20Matisse%20Standing%20Zora%20%28Moroccan%20Woman%29&title=Special:MediaSearch&type=image,,painting
Henri Matisse,Standing Riffian (Moroccan in Green),Стоящий риф (Марокканец в зелёном),1912,oil on canvas,146.5×98.3,Hermitage,,,https://commons.wikimedia.org/w/index.php?search=Henri%20Matisse%20Standing%20Riffian%20%28Moroccan%20in%20Green%29&title=Special:MediaSearch&type=image,,painting
Henri Matisse,The Conversation,Разговор,1909–12,oil on canvas,177×217,Hermitage,,,https://commons.wikimedia.org/w/index.php?search=Henri%20Matisse%20The%20Conversation&title=Special:MediaSearch&type=image,,painting
Henri Matisse,Arab Coffeehouse,Арабская кофейня,1913,oil on canvas,176×210,Hermitage,,,https://commons.wikimedia.org/w/index.php?search=Henri%20Matisse%20Arab%20Coffeehouse&title=Special:MediaSearch&type=image,,painting
Henri Matisse,Portrait of the Artist's Wife (Madame Matisse),Портрет жены художника,1913,oil on canvas,146.8×97.5,Hermitage,,,https://commons.wikimedia.org/w/index.php?search=Henri%20Matisse%20Portrait%20of%20the%20Artist%27s%20Wife%20%28Madame%20Matisse%29&title=Special:MediaSearch&type=image,https://commons.wikimedia.org/wiki/File:Portrait_de_la_femme_de_l'artiste%2C_par_Henri_Matisse.jpg,painting
Henri Matisse,"Arums, Irises and Mimosas",,1913,oil on canvas,145.5×97,Pushkin,,,https://commons.wikimedia.org/w/index.php?search=Henri%20Matisse%20Arums%2C%20Irises%20and%20Mimosas&title=Special:MediaSearch&type=image,,painting
Pablo Picasso,The Meeting (The Embrace),Свидание (Объятие),1900,oil on board,52×56,Pushkin,,,https://commons.wikimedia.org/w/index.php?search=Pablo%20Picasso%20The%20Meeting%20%28The%20Embrace%29&title=Special:MediaSearch&type=image,,painting
Pablo Picasso,The Absinthe Drinker,Любительница абсента,1901,oil on canvas,73×54,Hermitage,,,https://commons.wikimedia.org/w/index.php?search=Pablo%20Picasso%20The%20Absinthe%20Drinker&title=Special:MediaSearch&type=image,,painting
Pablo Picasso,Portrait of the Poet Sabartés (Glass of Beer),Портрет поэта Сабартеса (Кружка пива),1901,oil on canvas,82×66,Pushkin,,,https://commons.wikimedia.org/w/index.php?search=Pablo%20Picasso%20Portrait%20of%20the%20Poet%20Sabart%C3%A9s%20%28Glass%20of%20Beer%29&title=Special:MediaSearch&type=image,,painting
Pablo Picasso,Two Sisters (The Meeting),Две сестры (Свидание),1902,oil on canvas on panel,152×100,Hermitage,,,https://commons.wikimedia.org/w/index.php?search=Pablo%20Picasso%20Two%20Sisters%20%28The%20Meeting%29&title=Special:MediaSearch&type=image,,painting
Pablo Picasso,Head of a Woman (Portrait of Geneviève),,1902–03,oil on canvas,49.8×36.5,Hermitage,,,https://commons.wikimedia.org/w/index.php?search=Pablo%20Picasso%20Head%20of%20a%20Woman%20%28Portrait%20of%20Genevi%C3%A8ve%29&title=Special:MediaSearch&type=image,,painting
Pablo Picasso,Old Jew with a Boy (Blind Beggar with a Boy),Старый еврей с мальчиком,1903,oil on canvas,125×92,Pushkin,,,https://commons.wikimedia.org/w/index.php?search=Pablo%20Picasso%20Old%20Jew%20with%20a%20Boy%20%28Blind%20Beggar%20with%20a%20Boy%29&title=Special:MediaSearch&type=image,,painting
Pablo Picasso,Portrait of Benet Soler,,1903,oil on canvas,100×70.5,Hermitage,,,https://commons.wikimedia.org/w/index.php?search=Pablo%20Picasso%20Portrait%20of%20Benet%20Soler&title=Special:MediaSearch&type=image,,painting
Pablo Picasso,Spanish Woman from Mallorca,,c.1905,"tempera, gouache, watercolour on board",67×51,Pushkin,,,https://commons.wikimedia.org/w/index.php?search=Pablo%20Picasso%20Spanish%20Woman%20from%20Mallorca&title=Special:MediaSearch&type=image,,drawing/work on paper
Pablo Picasso,Boy with a Dog,,1905,"gouache, pastel on board",57.2×41.2,Hermitage,ГЭ ОР-41158,https://www.newestmuseum.ru/full/index.php?id=GE_OR-41158&coll=1,https://commons.wikimedia.org/w/index.php?search=Pablo%20Picasso%20Boy%20with%20a%20Dog&title=Special:MediaSearch&type=image,,drawing/work on paper
Pablo Picasso,Comedians (study for 'Les Bateleurs'),,1905,"gouache, charcoal on board",51.2×61.2,Pushkin,ГМИИ Р-10265,,https://commons.wikimedia.org/w/index.php?search=Pablo%20Picasso%20Comedians%20%28study%20for%20%27Les%20Bateleurs%27%29&title=Special:MediaSearch&type=image,,study
Pablo Picasso,Head of an Old Man in a Tiara,,1905,"pen, ink, watercolour",16.9×10.4,Pushkin,ГМИИ Р-10266,,https://commons.wikimedia.org/w/index.php?search=Pablo%20Picasso%20Head%20of%20an%20Old%20Man%20in%20a%20Tiara&title=Special:MediaSearch&type=image,,drawing/work on paper
Pablo Picasso,Nude Youth,,1906,gouache on board,66.2×52,Hermitage,ГЭ ОР-40777,https://www.newestmuseum.ru/full/index.php?id=GE_OR-40777&coll=1,https://commons.wikimedia.org/w/index.php?search=Pablo%20Picasso%20Nude%20Youth&title=Special:MediaSearch&type=image,,drawing/work on paper
Pablo Picasso,Glassware (Still Life. Chemical Vessels),,1906,oil on canvas,38.4×56,Hermitage,,,https://commons.wikimedia.org/w/index.php?search=Pablo%20Picasso%20Glassware%20%28Still%20Life.%20Chemical%20Vessels%29&title=Special:MediaSearch&type=image,,painting
Pablo Picasso,Nude with Drapery (Dance of the Veils),Танец с покрывалами,1907,oil on canvas,152×101,Hermitage,,,https://commons.wikimedia.org/w/index.php?search=Pablo%20Picasso%20Nude%20with%20Drapery%20%28Dance%20of%20the%20Veils%29&title=Special:MediaSearch&type=image,,painting
Pablo Picasso,Woman with a Fan,,1907,oil on canvas,150×100,Hermitage,,,https://commons.wikimedia.org/w/index.php?search=Pablo%20Picasso%20Woman%20with%20a%20Fan&title=Special:MediaSearch&type=image,,painting
Pablo Picasso,Nude Woman. Bust,,1907,oil on canvas,61×47,Hermitage,,,https://commons.wikimedia.org/w/index.php?search=Pablo%20Picasso%20Nude%20Woman.%20Bust&title=Special:MediaSearch&type=image,,painting
Pablo Picasso,Three Women,Три женщины,1908,oil on canvas,199.5×178.5,Hermitage,ГЭ ГЭ-9658 (ист. ГМНЗИ-254),https://www.newestmuseum.ru/full/index.php?id=GE_9658&coll=1,https://commons.wikimedia.org/w/index.php?search=Pablo%20Picasso%20Three%20Women&title=Special:MediaSearch&type=image,,painting
Pablo Picasso,Three Women (study),,1907–08,"gouache, watercolour",54×47.7,Pushkin,ГМИИ Р-10262,,https://commons.wikimedia.org/w/index.php?search=Pablo%20Picasso%20Three%20Women%20%28study%29&title=Special:MediaSearch&type=image,,study
Pablo Picasso,Friendship,Дружба,1908,oil on canvas,152×101,Hermitage,,,https://commons.wikimedia.org/w/index.php?search=Pablo%20Picasso%20Friendship&title=Special:MediaSearch&type=image,,painting
Pablo Picasso,Friendship I (study),,1907–08,"watercolour, gouache",62.9×48,Pushkin,ГМИИ Р-10263,,https://commons.wikimedia.org/w/index.php?search=Pablo%20Picasso%20Friendship%20I%20%28study%29&title=Special:MediaSearch&type=image,,study
Pablo Picasso,Friendship II (study),,1907–08,"watercolour, gouache",62.9×48,Pushkin,ГМИИ Р-10264,,https://commons.wikimedia.org/w/index.php?search=Pablo%20Picasso%20Friendship%20II%20%28study%29&title=Special:MediaSearch&type=image,,study
Pablo Picasso,Dryad (Nude Woman in a Landscape),Дриада,1908,oil on canvas,186×107,Hermitage,,,https://commons.wikimedia.org/w/index.php?search=Pablo%20Picasso%20Dryad%20%28Nude%20Woman%20in%20a%20Landscape%29&title=Special:MediaSearch&type=image,hermitagemuseum.org/digital-collection/28568,painting
Pablo Picasso,Seated Woman,Сидящая женщина,1908,oil on canvas,150.5×101.3,Hermitage,,,https://commons.wikimedia.org/w/index.php?search=Pablo%20Picasso%20Seated%20Woman&title=Special:MediaSearch&type=image,,painting
Pablo Picasso,Bathing,,1908,oil on canvas,38.8×61.6,Hermitage,,,https://commons.wikimedia.org/w/index.php?search=Pablo%20Picasso%20Bathing&title=Special:MediaSearch&type=image,,painting
Pablo Picasso,Farm Woman (full-length),,1908,oil on canvas,81.2×65.2,Hermitage,,,https://commons.wikimedia.org/w/index.php?search=Pablo%20Picasso%20Farm%20Woman%20%28full-length%29&title=Special:MediaSearch&type=image,,painting
Pablo Picasso,Farm Woman (bust),,1908,oil on canvas,81.3×65.2,Hermitage,,,https://commons.wikimedia.org/w/index.php?search=Pablo%20Picasso%20Farm%20Woman%20%28bust%29&title=Special:MediaSearch&type=image,,painting
Pablo Picasso,Still Life. Composition with a Skull,Композиция с черепом,1908,oil on canvas,114.5×87.5,Hermitage,,,https://commons.wikimedia.org/w/index.php?search=Pablo%20Picasso%20Still%20Life.%20Composition%20with%20a%20Skull&title=Special:MediaSearch&type=image,,painting
Pablo Picasso,Composition with a Skull (study),,1908,"gouache, watercolour",32.3×24.9,Pushkin,ГМИИ Р-10267,,https://commons.wikimedia.org/w/index.php?search=Pablo%20Picasso%20Composition%20with%20a%20Skull%20%28study%29&title=Special:MediaSearch&type=image,,study
Pablo Picasso,Still Life. Can and Bowls,,1908,oil on board,66×50.5,Hermitage,,,https://commons.wikimedia.org/w/index.php?search=Pablo%20Picasso%20Still%20Life.%20Can%20and%20Bowls&title=Special:MediaSearch&type=image,,painting
Pablo Picasso,Bouquet of Flowers in a Grey Jug,,1908,oil on canvas,81×65,Hermitage,,,https://commons.wikimedia.org/w/index.php?search=Pablo%20Picasso%20Bouquet%20of%20Flowers%20in%20a%20Grey%20Jug&title=Special:MediaSearch&type=image,,painting
Pablo Picasso,Still Life. Green Bowl and Black Bottle,,1908,oil on canvas,60.2×49.3,Hermitage,,,https://commons.wikimedia.org/w/index.php?search=Pablo%20Picasso%20Still%20Life.%20Green%20Bowl%20and%20Black%20Bottle&title=Special:MediaSearch&type=image,,painting
Pablo Picasso,"A Pot, a Glass and a Book",,1908,oil on canvas,55.2×46,Hermitage,,,https://commons.wikimedia.org/w/index.php?search=Pablo%20Picasso%20A%20Pot%2C%20a%20Glass%20and%20a%20Book&title=Special:MediaSearch&type=image,,painting
Pablo Picasso,House in the Garden,,1908,oil on canvas,73×60.5,Hermitage,,,https://commons.wikimedia.org/w/index.php?search=Pablo%20Picasso%20House%20in%20the%20Garden&title=Special:MediaSearch&type=image,,painting
Pablo Picasso,House in the Garden (House and Trees),,1908–09,oil on canvas,92×73,Pushkin,,,https://commons.wikimedia.org/w/index.php?search=Pablo%20Picasso%20House%20in%20the%20Garden%20%28House%20and%20Trees%29&title=Special:MediaSearch&type=image,,painting
Pablo Picasso,Queen Isabeau,Королева Изабо,1909,oil on canvas,91.8×73.2,Pushkin,,,https://commons.wikimedia.org/w/index.php?search=Pablo%20Picasso%20Queen%20Isabeau&title=Special:MediaSearch&type=image,,painting
Pablo Picasso,Woman with a Fan,,1909,oil on canvas,101×81,Pushkin,,,https://commons.wikimedia.org/w/index.php?search=Pablo%20Picasso%20Woman%20with%20a%20Fan&title=Special:MediaSearch&type=image,,painting
Pablo Picasso,Woman with a Mandolin,Женщина с мандолиной,1909,oil on canvas,90.7×73.2,Hermitage,,,https://commons.wikimedia.org/w/index.php?search=Pablo%20Picasso%20Woman%20with%20a%20Mandolin&title=Special:MediaSearch&type=image,,painting
Pablo Picasso,Young Lady,,1909,oil on canvas,92×73,Hermitage,,,https://commons.wikimedia.org/w/index.php?search=Pablo%20Picasso%20Young%20Lady&title=Special:MediaSearch&type=image,,painting
Pablo Picasso,Naked Woman,,1909,oil on canvas,100×81.2,Hermitage,,,https://commons.wikimedia.org/w/index.php?search=Pablo%20Picasso%20Naked%20Woman&title=Special:MediaSearch&type=image,,painting
Pablo Picasso,Still Life. Bowl with Fruit,,1909,oil on canvas,92.4×73.7,Hermitage,,,https://commons.wikimedia.org/w/index.php?search=Pablo%20Picasso%20Still%20Life.%20Bowl%20with%20Fruit&title=Special:MediaSearch&type=image,,painting
Pablo Picasso,Brick Factory at Tortosa (Horta de Ebro),Кирпичный завод в Тортосе,1909,oil on canvas,53×60,Hermitage,,,https://commons.wikimedia.org/w/index.php?search=Pablo%20Picasso%20Brick%20Factory%20at%20Tortosa%20%28Horta%20de%20Ebro%29&title=Special:MediaSearch&type=image,,painting
Pablo Picasso,Man with Folded Arms,,1909,"gouache, watercolour on paper",65.2×49.2,Hermitage,,,https://commons.wikimedia.org/w/index.php?search=Pablo%20Picasso%20Man%20with%20Folded%20Arms&title=Special:MediaSearch&type=image,,drawing/work on paper
Pablo Picasso,Violin,Скрипка,1912,oil on canvas (oval),55×46,Pushkin,,,https://commons.wikimedia.org/w/index.php?search=Pablo%20Picasso%20Violin&title=Special:MediaSearch&type=image,,painting
Pablo Picasso,Table in a Café. Bottle of Pernod,Столик в кафе. Бутылка перно,1912,oil on canvas,46.4×33.2,Hermitage,ГЭ ГЭ-8920,,https://commons.wikimedia.org/w/index.php?search=Pablo%20Picasso%20Table%20in%20a%20Caf%C3%A9.%20Bottle%20of%20Pernod&title=Special:MediaSearch&type=image,,painting
Pablo Picasso,Musical Instruments,Музыкальные инструменты,1912,"oilcloth, oil, plaster, sawdust (oval)",100×88.8,Hermitage,,,https://commons.wikimedia.org/w/index.php?search=Pablo%20Picasso%20Musical%20Instruments&title=Special:MediaSearch&type=image,,painting
Pablo Picasso,Guitar and Violin,,c.1912–13,oil on canvas,65×54,Hermitage,,,https://commons.wikimedia.org/w/index.php?search=Pablo%20Picasso%20Guitar%20and%20Violin&title=Special:MediaSearch&type=image,,painting
Pablo Picasso,Tenora and Violin (Flute and Violin),,1913,oil on canvas,55×33,Hermitage,,,https://commons.wikimedia.org/w/index.php?search=Pablo%20Picasso%20Tenora%20and%20Violin%20%28Flute%20and%20Violin%29&title=Special:MediaSearch&type=image,,painting
Pablo Picasso,The Tavern,,c.1914,"oil, sawdust on board (oval)",28.6×37.8,Hermitage,,,https://commons.wikimedia.org/w/index.php?search=Pablo%20Picasso%20The%20Tavern&title=Special:MediaSearch&type=image,,painting
Pablo Picasso,Composition with a Cut Pear,,1914,"gouache, pencil, wallpaper collage",35×32,Hermitage,,,https://commons.wikimedia.org/w/index.php?search=Pablo%20Picasso%20Composition%20with%20a%20Cut%20Pear&title=Special:MediaSearch&type=image,,drawing/work on paper
Pablo Picasso,Composition with a Cut Pear and a Bunch of Grapes,,1914,"collage, gouache, glue paint",68.3×52.9,Hermitage,,,https://commons.wikimedia.org/w/index.php?search=Pablo%20Picasso%20Composition%20with%20a%20Cut%20Pear%20and%20a%20Bunch%20of%20Grapes&title=Special:MediaSearch&type=image,,drawing/work on paper
André Derain,Port-Vendres (Port of Le Havre),,1905,oil on canvas,62×73,Hermitage,,,https://commons.wikimedia.org/w/index.php?search=Andr%C3%A9%20Derain%20Port-Vendres%20%28Port%20of%20Le%20Havre%29&title=Special:MediaSearch&type=image,,painting
André Derain,Houses by the Water. Montreuil-sur-Mer,,1910,oil on canvas,61×102.3,Hermitage,,,https://commons.wikimedia.org/w/index.php?search=Andr%C3%A9%20Derain%20Houses%20by%20the%20Water.%20Montreuil-sur-Mer&title=Special:MediaSearch&type=image,,painting
André Derain,Old Town in Cagnes,,1910,oil on canvas,66×82,Pushkin,,,https://commons.wikimedia.org/w/index.php?search=Andr%C3%A9%20Derain%20Old%20Town%20in%20Cagnes&title=Special:MediaSearch&type=image,,painting
André Derain,Old Bridge at Cagnes,,1911–12,oil on canvas,73×92,Pushkin,,,https://commons.wikimedia.org/w/index.php?search=Andr%C3%A9%20Derain%20Old%20Bridge%20at%20Cagnes&title=Special:MediaSearch&type=image,,painting
André Derain,Portrait of an Unknown Man Reading a Newspaper (Chevalier X),"Портрет неизвестного, читающего газету",1911–14,oil on canvas,163×97.5,Hermitage,,,https://commons.wikimedia.org/w/index.php?search=Andr%C3%A9%20Derain%20Portrait%20of%20an%20Unknown%20Man%20Reading%20a%20Newspaper%20%28Chevalier%20X%29&title=Special:MediaSearch&type=image,,painting
André Derain,The Grove,Роща,1912,oil on canvas,106.5×81,Hermitage,,,https://commons.wikimedia.org/w/index.php?search=Andr%C3%A9%20Derain%20The%20Grove&title=Special:MediaSearch&type=image,,painting
André Derain,Rocks,,1912,oil on canvas,60.5×81,Hermitage,,,https://commons.wikimedia.org/w/index.php?search=Andr%C3%A9%20Derain%20Rocks&title=Special:MediaSearch&type=image,,painting
André Derain,Still Life. The Skull,Натюрморт. Череп,1912,oil on canvas,71.8×119.2,Hermitage,,,https://commons.wikimedia.org/w/index.php?search=Andr%C3%A9%20Derain%20Still%20Life.%20The%20Skull&title=Special:MediaSearch&type=image,,painting
André Derain,"Still Life. Clay Jug, White Napkin and Fruit",,1912,oil on canvas,60.8×50.2,Hermitage,,,https://commons.wikimedia.org/w/index.php?search=Andr%C3%A9%20Derain%20Still%20Life.%20Clay%20Jug%2C%20White%20Napkin%20and%20Fruit&title=Special:MediaSearch&type=image,,painting
André Derain,"Still Life. Bread Basket, Jug and Glass of Red Wine",,1912,oil on canvas,100.5×118,Hermitage,,,https://commons.wikimedia.org/w/index.php?search=Andr%C3%A9%20Derain%20Still%20Life.%20Bread%20Basket%2C%20Jug%20and%20Glass%20of%20Red%20Wine&title=Special:MediaSearch&type=image,,painting
André Derain,Table by the Window (View from the Window),Стол у окна,1912–13,oil on canvas,128×79,Pushkin,,,https://commons.wikimedia.org/w/index.php?search=Andr%C3%A9%20Derain%20Table%20by%20the%20Window%20%28View%20from%20the%20Window%29&title=Special:MediaSearch&type=image,,painting
André Derain,Saturday (Saturday Afternoon),Суббота,1912–13,oil on canvas,181×228,Pushkin,,,https://commons.wikimedia.org/w/index.php?search=Andr%C3%A9%20Derain%20Saturday%20%28Saturday%20Afternoon%29&title=Special:MediaSearch&type=image,,painting
André Derain,Martigues (Harbour in Provence),,1913,oil on canvas,141.2×89.5,Hermitage,,,https://commons.wikimedia.org/w/index.php?search=Andr%C3%A9%20Derain%20Martigues%20%28Harbour%20in%20Provence%29&title=Special:MediaSearch&type=image,,painting
André Derain,Girl in Black. Study,,1913–14,oil on canvas,92.5×60,Hermitage,,,https://commons.wikimedia.org/w/index.php?search=Andr%C3%A9%20Derain%20Girl%20in%20Black.%20Study&title=Special:MediaSearch&type=image,,painting
André Derain,Portrait of a Girl in Black,,1913–14,oil on canvas,116×89.3,Hermitage,,,https://commons.wikimedia.org/w/index.php?search=Andr%C3%A9%20Derain%20Portrait%20of%20a%20Girl%20in%20Black&title=Special:MediaSearch&type=image,,painting
André Derain,Landscape with a Boat by the Shore. Carrières-Saint-Denis,,c.1914,oil on canvas,99.4×65,Hermitage,,,https://commons.wikimedia.org/w/index.php?search=Andr%C3%A9%20Derain%20Landscape%20with%20a%20Boat%20by%20the%20Shore.%20Carri%C3%A8res-Saint-Denis&title=Special:MediaSearch&type=image,,painting
Henri Rousseau,"View of the Pont de Sèvres (with biplane, balloon, dirigible)",Вид моста Севр…,1908,oil on canvas,80×102,Pushkin,,https://commons.wikimedia.org/wiki/Special:FilePath/Henri_Rousseau_-_Vue_de_pont_de_S%C3%A8vres.jpg,https://commons.wikimedia.org/w/index.php?search=Henri%20Rousseau%20View%20of%20the%20Pont%20de%20S%C3%A8vres%20%28with%20biplane%2C%20balloon%2C%20dirigible%29&title=Special:MediaSearch&type=image,,painting
Henri Rousseau,The Muse Inspiring the Poet (Poet and Muse),"Муза, вдохновляющая поэта",1908–09,oil on canvas,131×97,Pushkin,,,https://commons.wikimedia.org/w/index.php?search=Henri%20Rousseau%20The%20Muse%20Inspiring%20the%20Poet%20%28Poet%20and%20Muse%29&title=Special:MediaSearch&type=image,,painting
Henri Rousseau,View to the Left of the Vanves Gate,,1909,oil on canvas,33×41.1,Hermitage,,,https://commons.wikimedia.org/w/index.php?search=Henri%20Rousseau%20View%20to%20the%20Left%20of%20the%20Vanves%20Gate&title=Special:MediaSearch&type=image,,painting
Henri Rousseau,Luxembourg Gardens. Monument to Chopin,,1909,oil on canvas,38×46,Hermitage,,,https://commons.wikimedia.org/w/index.php?search=Henri%20Rousseau%20Luxembourg%20Gardens.%20Monument%20to%20Chopin&title=Special:MediaSearch&type=image,,painting
Henri Rousseau,Tiger Attacking a Bull. In the Tropical Forest,,c.1908–09,oil on canvas,46×55,Hermitage,,https://commons.wikimedia.org/wiki/Special:FilePath/Henri_Rousseau_-_In_a_Tropical_Forest._Struggle_between_Tiger_and_Bull.jpg,https://commons.wikimedia.org/w/index.php?search=Henri%20Rousseau%20Tiger%20Attacking%20a%20Bull.%20In%20the%20Tropical%20Forest&title=Special:MediaSearch&type=image,,painting
Henri Rousseau,Jaguar Attacking a Horse,Нападение ягуара на лошадь,1910,oil on canvas,90×116.1,Pushkin,,,https://commons.wikimedia.org/w/index.php?search=Henri%20Rousseau%20Jaguar%20Attacking%20a%20Horse&title=Special:MediaSearch&type=image,,painting
Henri Rousseau,View of the Parc Montsouris,,c.1910,oil on canvas,46×38,Pushkin,,,https://commons.wikimedia.org/w/index.php?search=Henri%20Rousseau%20View%20of%20the%20Parc%20Montsouris&title=Special:MediaSearch&type=image,,painting
Albert Marquet,Milliners,,c.1901,oil on canvas,50×61,Hermitage,,,https://commons.wikimedia.org/w/index.php?search=Albert%20Marquet%20Milliners&title=Special:MediaSearch&type=image,,painting
Albert Marquet,Saint-Jean-de-Luz,,1907,oil on canvas,59.6×81,Hermitage,,,https://commons.wikimedia.org/w/index.php?search=Albert%20Marquet%20Saint-Jean-de-Luz&title=Special:MediaSearch&type=image,,painting
Albert Marquet,Notre-Dame in Winter,,1908,oil on canvas,65×81,Pushkin,,,https://commons.wikimedia.org/w/index.php?search=Albert%20Marquet%20Notre-Dame%20in%20Winter&title=Special:MediaSearch&type=image,,painting
Albert Marquet,Pont Saint-Michel in Paris,,1908,oil on canvas,64×80,Pushkin,,,https://commons.wikimedia.org/w/index.php?search=Albert%20Marquet%20Pont%20Saint-Michel%20in%20Paris&title=Special:MediaSearch&type=image,,painting
Albert Marquet,Winter View of Paris with Pont Saint-Michel,,1908,oil on canvas,61×81,Pushkin,,,https://commons.wikimedia.org/w/index.php?search=Albert%20Marquet%20Winter%20View%20of%20Paris%20with%20Pont%20Saint-Michel&title=Special:MediaSearch&type=image,,painting
Albert Marquet,Port of Hamburg,,1909,oil on canvas,66.5×80,Hermitage,,,https://commons.wikimedia.org/w/index.php?search=Albert%20Marquet%20Port%20of%20Hamburg&title=Special:MediaSearch&type=image,,painting
Albert Marquet,Vesuvius,,c.1909,oil on canvas,61×80,Pushkin,,,https://commons.wikimedia.org/w/index.php?search=Albert%20Marquet%20Vesuvius&title=Special:MediaSearch&type=image,,painting
Albert Marquet,Flooding in Paris. Pont Saint-Michel,,1910,oil on canvas,32.9×40.8,Pushkin,,,https://commons.wikimedia.org/w/index.php?search=Albert%20Marquet%20Flooding%20in%20Paris.%20Pont%20Saint-Michel&title=Special:MediaSearch&type=image,,painting
Albert Marquet,Port of Honfleur,,c.1911,oil on canvas,65×81,Pushkin,,,https://commons.wikimedia.org/w/index.php?search=Albert%20Marquet%20Port%20of%20Honfleur&title=Special:MediaSearch&type=image,,painting
Kees van Dongen,Antonia la Coquinera,,1906–07,oil on canvas,100×81,Hermitage,,,https://commons.wikimedia.org/w/index.php?search=Kees%20van%20Dongen%20Antonia%20la%20Coquinera&title=Special:MediaSearch&type=image,,painting
Kees van Dongen,Woman in a Black Hat,,1908,oil on canvas,100×81.3,Hermitage,,,https://commons.wikimedia.org/w/index.php?search=Kees%20van%20Dongen%20Woman%20in%20a%20Black%20Hat&title=Special:MediaSearch&type=image,,painting
Kees van Dongen,Spring,,≥1908,oil on canvas,81×100.5,Hermitage,,,https://commons.wikimedia.org/w/index.php?search=Kees%20van%20Dongen%20Spring&title=Special:MediaSearch&type=image,,painting
Maurice de Vlaminck,Town (Suresnes),,c.1908–09,oil on canvas,73×92,Hermitage,,,https://commons.wikimedia.org/w/index.php?search=Maurice%20de%20Vlaminck%20Town%20%28Suresnes%29&title=Special:MediaSearch&type=image,,painting
Maurice de Vlaminck,Bougival (Town with a Church),,c.1909,oil on canvas,73×92,Hermitage,,,https://commons.wikimedia.org/w/index.php?search=Maurice%20de%20Vlaminck%20Bougival%20%28Town%20with%20a%20Church%29&title=Special:MediaSearch&type=image,,painting
Maurice de Vlaminck,Town on the Banks of the Seine,,c.1909,oil on canvas,81.3×100.3,Hermitage,,,https://commons.wikimedia.org/w/index.php?search=Maurice%20de%20Vlaminck%20Town%20on%20the%20Banks%20of%20the%20Seine&title=Special:MediaSearch&type=image,,painting
Maurice Denis,Portrait of Marthe Denis (Artist's Wife),,1893,oil on canvas,45×54,Pushkin,,,https://commons.wikimedia.org/w/index.php?search=Maurice%20Denis%20Portrait%20of%20Marthe%20Denis%20%28Artist%27s%20Wife%29&title=Special:MediaSearch&type=image,,painting
Maurice Denis,The Visitation (Mary Visiting Elizabeth),,1894,oil on canvas,103×93,Hermitage,,,https://commons.wikimedia.org/w/index.php?search=Maurice%20Denis%20The%20Visitation%20%28Mary%20Visiting%20Elizabeth%29&title=Special:MediaSearch&type=image,,painting
Maurice Denis,Martha and Mary,,1896,oil on canvas,78.4×117.3,Hermitage,,,https://commons.wikimedia.org/w/index.php?search=Maurice%20Denis%20Martha%20and%20Mary&title=Special:MediaSearch&type=image,,painting
Maurice Denis,Figures in a Spring Landscape (Sacred Grove),Священная роща,1897,oil on canvas,160.3×180.5,Hermitage,,,https://commons.wikimedia.org/w/index.php?search=Maurice%20Denis%20Figures%20in%20a%20Spring%20Landscape%20%28Sacred%20Grove%29&title=Special:MediaSearch&type=image,,painting
Pierre Puvis de Chavannes,The Poor Fisherman,Бедный рыбак,1879,oil on canvas,66×91,Pushkin,,https://commons.wikimedia.org/wiki/Special:FilePath/Pierre_Puvis_de_Chavannes_-_Esquisse_pour_%E2%80%9ELe_pauvre_p%C3%AAcheur%E2%80%9C_%281879%29.jpg,https://commons.wikimedia.org/w/index.php?search=Pierre%20Puvis%20de%20Chavannes%20The%20Poor%20Fisherman&title=Special:MediaSearch&type=image,,painting
Pierre Puvis de Chavannes,Compassion,Сострадание,1887,oil on canvas,99×81,Pushkin,,,https://commons.wikimedia.org/w/index.php?search=Pierre%20Puvis%20de%20Chavannes%20Compassion&title=Special:MediaSearch&type=image,,painting
Paul Signac,Sandy Seashore at Saint-Briac (Port-Hue),,1890,oil on canvas,65×81,Pushkin,,,https://commons.wikimedia.org/w/index.php?search=Paul%20Signac%20Sandy%20Seashore%20at%20Saint-Briac%20%28Port-Hue%29&title=Special:MediaSearch&type=image,,painting
Paul Signac,The Pine Tree at Saint-Tropez,,1909,oil on canvas,73.5×92,Pushkin,,https://commons.wikimedia.org/wiki/Special:FilePath/Paul_Signac%2C_1909%2C_The_Pine_Tree_at_Saint_Tropez%2C_oil_on_canvas%2C_72_x_92_cm%2C_Pushkin_Museum%2C_Moscow.jpg,https://commons.wikimedia.org/w/index.php?search=Paul%20Signac%20The%20Pine%20Tree%20at%20Saint-Tropez&title=Special:MediaSearch&type=image,,painting
Odilon Redon,Woman Sleeping under a Tree,,1900–01,tempera on canvas,27×35,Hermitage,,,https://commons.wikimedia.org/w/index.php?search=Odilon%20Redon%20Woman%20Sleeping%20under%20a%20Tree&title=Special:MediaSearch&type=image,,painting
Odilon Redon,Profile of a Woman in a Window,,1903–08,pastel on board,63.5×49,Pushkin,,,https://commons.wikimedia.org/w/index.php?search=Odilon%20Redon%20Profile%20of%20a%20Woman%20in%20a%20Window&title=Special:MediaSearch&type=image,,drawing/work on paper
Odilon Redon,Spring,Весна,c.1910,(panel),178.2×120.2,Pushkin,,,https://commons.wikimedia.org/w/index.php?search=Odilon%20Redon%20Spring&title=Special:MediaSearch&type=image,,painting
Eugène Carrière,Woman Removing a Splinter,,1890,oil on canvas,45.3×37.2,Pushkin,,,https://commons.wikimedia.org/w/index.php?search=Eug%C3%A8ne%20Carri%C3%A8re%20Woman%20Removing%20a%20Splinter&title=Special:MediaSearch&type=image,,painting
Eugène Carrière,Woman Leaning on a Table,,c.1893,oil on canvas,65×54.3,Hermitage,,,https://commons.wikimedia.org/w/index.php?search=Eug%C3%A8ne%20Carri%C3%A8re%20Woman%20Leaning%20on%20a%20Table&title=Special:MediaSearch&type=image,,painting
Eugène Carrière,Head of a Sleeping Woman,,mid-1890s,oil on canvas,36×47,Pushkin,,,https://commons.wikimedia.org/w/index.php?search=Eug%C3%A8ne%20Carri%C3%A8re%20Head%20of%20a%20Sleeping%20Woman&title=Special:MediaSearch&type=image,,painting
Eugène Carrière,Woman with Child on her Lap,,late 1890s,oil on canvas,61.8×50.6,Hermitage,,,https://commons.wikimedia.org/w/index.php?search=Eug%C3%A8ne%20Carri%C3%A8re%20Woman%20with%20Child%20on%20her%20Lap&title=Special:MediaSearch&type=image,,painting
Jean Puy,Landscape at Saint-Alban,,c.1902,oil on canvas,49.9×73,Hermitage,,,https://commons.wikimedia.org/w/index.php?search=Jean%20Puy%20Landscape%20at%20Saint-Alban&title=Special:MediaSearch&type=image,,painting
Jean Puy,Portrait of the Artist's Wife,,c.1902–04,oil on canvas,131.5×97,Hermitage,,,https://commons.wikimedia.org/w/index.php?search=Jean%20Puy%20Portrait%20of%20the%20Artist%27s%20Wife&title=Special:MediaSearch&type=image,,painting
Jean Puy,Ruins of the Roman Bridge at Saint-Maurice,,1909,oil on canvas,73.4×92,Pushkin,,,https://commons.wikimedia.org/w/index.php?search=Jean%20Puy%20Ruins%20of%20the%20Roman%20Bridge%20at%20Saint-Maurice&title=Special:MediaSearch&type=image,,painting
Marie Laurencin,Artemis,,c.1908,oil on canvas/board,34.8×26.8,Hermitage,,,https://commons.wikimedia.org/w/index.php?search=Marie%20Laurencin%20Artemis&title=Special:MediaSearch&type=image,,painting
Marie Laurencin,Head of a Woman,,1909,oil on canvas/board,34.8×26.8,Pushkin,,,https://commons.wikimedia.org/w/index.php?search=Marie%20Laurencin%20Head%20of%20a%20Woman&title=Special:MediaSearch&type=image,,painting
Marie Laurencin,Bacchante,,1911,oil on canvas,31.8×40,Hermitage,,,https://commons.wikimedia.org/w/index.php?search=Marie%20Laurencin%20Bacchante&title=Special:MediaSearch&type=image,,painting
Othon Friesz,Autumn Work,,1907,oil on canvas,54×65,Hermitage,,,https://commons.wikimedia.org/w/index.php?search=Othon%20Friesz%20Autumn%20Work&title=Special:MediaSearch&type=image,,painting
Othon Friesz,Roofs and Cathedral at Rouen,,1908,oil on canvas,120.5×96.6,Hermitage,,https://commons.wikimedia.org/wiki/Special:FilePath/Othon_Friesz_-_Roofs_and_Cathedral_in_Rouen_-_Hermitage.jpg,https://commons.wikimedia.org/w/index.php?search=Othon%20Friesz%20Roofs%20and%20Cathedral%20at%20Rouen&title=Special:MediaSearch&type=image,,painting
Armand Guillaumin,The Seine at Bercy,,c.1868,oil on canvas,26×50.2,Hermitage,,,https://commons.wikimedia.org/w/index.php?search=Armand%20Guillaumin%20The%20Seine%20at%20Bercy&title=Special:MediaSearch&type=image,,painting
Armand Guillaumin,Landscape with Ruins,,1897,oil on canvas,79×93,Pushkin,,,https://commons.wikimedia.org/w/index.php?search=Armand%20Guillaumin%20Landscape%20with%20Ruins&title=Special:MediaSearch&type=image,,painting
Jean-Louis Forain,Races,,late 1880s,oil on canvas,37.8×45.2,Pushkin,,,https://commons.wikimedia.org/w/index.php?search=Jean-Louis%20Forain%20Races&title=Special:MediaSearch&type=image,,painting
Jean-Louis Forain,Exit from the Masquerade,,late 1880s,oil on canvas,21×15.2,Pushkin,,,https://commons.wikimedia.org/w/index.php?search=Jean-Louis%20Forain%20Exit%20from%20the%20Masquerade&title=Special:MediaSearch&type=image,,painting
Jean-Louis Forain,Theatre Foyer,,first half 1890s,"pastel, gouache on board",89×71,Pushkin,,,https://commons.wikimedia.org/w/index.php?search=Jean-Louis%20Forain%20Theatre%20Foyer&title=Special:MediaSearch&type=image,,drawing/work on paper
Jean-Louis Forain,Ball at the Paris Opera,,late 19th c.,oil on canvas,74×61,Pushkin,,,https://commons.wikimedia.org/w/index.php?search=Jean-Louis%20Forain%20Ball%20at%20the%20Paris%20Opera&title=Special:MediaSearch&type=image,,painting
Charles Cottet,View of Venice from the Sea,,c.1896,oil on canvas,48×82.2,Hermitage,,,https://commons.wikimedia.org/w/index.php?search=Charles%20Cottet%20View%20of%20Venice%20from%20the%20Sea&title=Special:MediaSearch&type=image,,painting
Charles Cottet,Marina with Venice in the Distance,,c.1896,oil on canvas,59.5×75,Hermitage,,,https://commons.wikimedia.org/w/index.php?search=Charles%20Cottet%20Marina%20with%20Venice%20in%20the%20Distance&title=Special:MediaSearch&type=image,,painting
Charles Cottet,Stormy Evening (Passers-by),,1897,oil on canvas,101×121,Pushkin,ГМИИ Ж-3284,,https://commons.wikimedia.org/w/index.php?search=Charles%20Cottet%20Stormy%20Evening%20%28Passers-by%29&title=Special:MediaSearch&type=image,,painting
James McNeill Whistler,Seashore: Grey and Black (Grey Sea),,1880–90,oil on wood,13.6×23.6,Hermitage,ГЭ ГЭ-6527,https://www.newestmuseum.ru/full/index.php?id=GE_6527&coll=1,https://commons.wikimedia.org/w/index.php?search=James%20McNeill%20Whistler%20Seashore%3A%20Grey%20and%20Black%20%28Grey%20Sea%29&title=Special:MediaSearch&type=image,,painting
James McNeill Whistler,Arrangement in Blue and Black (Blue Sea),,c.1888,oil on wood,14×23,Pushkin,ГМИИ Ж-3260,,https://commons.wikimedia.org/w/index.php?search=James%20McNeill%20Whistler%20Arrangement%20in%20Blue%20and%20Black%20%28Blue%20Sea%29&title=Special:MediaSearch&type=image,,painting
James McNeill Whistler,The Orange Seller,,1890s,oil on wood,13.8×23.2,Hermitage,ГЭ ГЭ-8924,https://www.newestmuseum.ru/full/index.php?id=GE_8924&coll=1,https://commons.wikimedia.org/w/index.php?search=James%20McNeill%20Whistler%20The%20Orange%20Seller&title=Special:MediaSearch&type=image,,painting
Frits Thaulow,Corner of Venice,,c.1894–96,oil on canvas,66.5×82.5,Pushkin,,,https://commons.wikimedia.org/w/index.php?search=Frits%20Thaulow%20Corner%20of%20Venice&title=Special:MediaSearch&type=image,,painting
Frits Thaulow,Boulevard de la Madeleine in Paris,,1895,oil on canvas,88.2×66.3,Pushkin,,,https://commons.wikimedia.org/w/index.php?search=Frits%20Thaulow%20Boulevard%20de%20la%20Madeleine%20in%20Paris&title=Special:MediaSearch&type=image,,painting
Frits Thaulow,Freezing River,,c.1897,oil on canvas,60.3×81.5,Pushkin,ГМИИ Ж-3344,,https://commons.wikimedia.org/w/index.php?search=Frits%20Thaulow%20Freezing%20River&title=Special:MediaSearch&type=image,,painting
Ignacio Zuloaga,Spanish Women in a Box at the Plaza de Toros,,1901,oil on canvas,94.8×100.2,Pushkin,ГМИИ Ж-3281,,https://commons.wikimedia.org/w/index.php?search=Ignacio%20Zuloaga%20Spanish%20Women%20in%20a%20Box%20at%20the%20Plaza%20de%20Toros&title=Special:MediaSearch&type=image,,painting
Ignacio Zuloaga,The Hermit,,1904,oil on canvas,123.5×78.7,Hermitage,ГЭ ГЭ-6566,https://www.newestmuseum.ru/full/index.php?id=GE_6566&coll=1,https://commons.wikimedia.org/w/index.php?search=Ignacio%20Zuloaga%20The%20Hermit&title=Special:MediaSearch&type=image,,painting
Frank Brangwyn,Charity,,1890,oil on canvas,93.8×91.6,Hermitage,ГЭ ГЭ-9091,https://www.newestmuseum.ru/full/index.php?id=GE_9091&coll=1,https://commons.wikimedia.org/w/index.php?search=Frank%20Brangwyn%20Charity&title=Special:MediaSearch&type=image,,painting
Frank Brangwyn,Market,,1893,oil on canvas,94.5×102.5,Pushkin,ГМИИ Ж-3259,,https://commons.wikimedia.org/w/index.php?search=Frank%20Brangwyn%20Market&title=Special:MediaSearch&type=image,,painting
Christian Cornelius (Xan) Krohn,Portrait of S.I. Shchukin (bust),Портрет С.И. Щукина (погрудный),1915,oil on canvas,190×86.3,Hermitage,ГЭ ГЭ-9090,https://www.newestmuseum.ru/full/index.php?id=GE_9090&coll=1,https://commons.wikimedia.org/w/index.php?search=Christian%20Cornelius%20%28Xan%29%20Krohn%20Portrait%20of%20S.I.%20Shchukin%20%28bust%29&title=Special:MediaSearch&type=image,,painting
Christian Cornelius (Xan) Krohn,Portrait of S.I. Shchukin (full-length),Портрет С.И. Щукина (в рост),1916,oil on canvas,190×86.3,Hermitage,ГЭ ГМНЗИ-870,,https://commons.wikimedia.org/w/index.php?search=Christian%20Cornelius%20%28Xan%29%20Krohn%20Portrait%20of%20S.I.%20Shchukin%20%28full-length%29&title=Special:MediaSearch&type=image,,painting
Henri Le Fauconnier,The Village in the Mountains,,c.1910,oil on canvas,73×91.5,Hermitage,,,https://commons.wikimedia.org/w/index.php?search=Henri%20Le%20Fauconnier%20The%20Village%20in%20the%20Mountains&title=Special:MediaSearch&type=image,,painting
Édouard Vuillard,In the Room. Relais,,1899,oil on board,52×79,Hermitage,,,https://commons.wikimedia.org/w/index.php?search=%C3%89douard%20Vuillard%20In%20the%20Room.%20Relais&title=Special:MediaSearch&type=image,,painting
Henri-Charles Manguin,Morning at Cavalière (Woman on the Shore),,1906,oil on canvas,81.6×64.5,Hermitage,,,https://commons.wikimedia.org/w/index.php?search=Henri-Charles%20Manguin%20Morning%20at%20Cavali%C3%A8re%20%28Woman%20on%20the%20Shore%29&title=Special:MediaSearch&type=image,,painting
Léon Lehmann,Mountains,,1909,oil on canvas,81.2×81.2,Pushkin,,,https://commons.wikimedia.org/w/index.php?search=L%C3%A9on%20Lehmann%20Mountains&title=Special:MediaSearch&type=image,,painting
Henri-Edmond Cross,View of the Church of Santa Maria degli Angeli near Assisi,,1909,oil on canvas,73.5×92.3,Hermitage,,,https://commons.wikimedia.org/w/index.php?search=Henri-Edmond%20Cross%20View%20of%20the%20Church%20of%20Santa%20Maria%20degli%20Angeli%20near%20Assisi&title=Special:MediaSearch&type=image,,painting
Pierre Girieud,Peonies,,1906,oil on canvas,81×65.2,Hermitage,,,https://commons.wikimedia.org/w/index.php?search=Pierre%20Girieud%20Peonies&title=Special:MediaSearch&type=image,,painting
Charles Guérin,Lady with a Rose,,1901,oil on canvas,52.6×37.3,Hermitage,,,https://commons.wikimedia.org/w/index.php?search=Charles%20Gu%C3%A9rin%20Lady%20with%20a%20Rose&title=Special:MediaSearch&type=image,,painting
Charles Guérin,Two Girls on the Terrace,,1903,oil on canvas,147×131,Pushkin,,,https://commons.wikimedia.org/w/index.php?search=Charles%20Gu%C3%A9rin%20Two%20Girls%20on%20the%20Terrace&title=Special:MediaSearch&type=image,,painting
Georges Rouault,Bathing in the Lake,,1907,"watercolour, pastel",65×96,Pushkin,,,https://commons.wikimedia.org/w/index.php?search=Georges%20Rouault%20Bathing%20in%20the%20Lake&title=Special:MediaSearch&type=image,,drawing/work on paper
Gustave Courbet,Hut in the Mountains,,c.1874,oil on canvas,33×49,Pushkin,ГМИИ Ж-3542,,https://commons.wikimedia.org/w/index.php?search=Gustave%20Courbet%20Hut%20in%20the%20Mountains&title=Special:MediaSearch&type=image,,painting
Henri Fantin-Latour,Bathers,,1896,oil on canvas,34×39,Pushkin,,,https://commons.wikimedia.org/w/index.php?search=Henri%20Fantin-Latour%20Bathers&title=Special:MediaSearch&type=image,,painting
Henri de Toulouse-Lautrec,The Lady at the Window,,1889,"essence, white on board",71×47,Pushkin,,,https://commons.wikimedia.org/w/index.php?search=Henri%20de%20Toulouse-Lautrec%20The%20Lady%20at%20the%20Window&title=Special:MediaSearch&type=image,,drawing/work on paper
Georges Braque,Castle at La Roche-Guyon,Замок Ла-Рош-Гюйон,1909,oil on canvas,92×73,Pushkin,,,https://commons.wikimedia.org/w/index.php?search=Georges%20Braque%20Castle%20at%20La%20Roche-Guyon&title=Special:MediaSearch&type=image,,painting
Maxime Dethomas,Lady at the Mirror,,after 1903,pastel on board,47×67,Pushkin,,,https://commons.wikimedia.org/w/index.php?search=Maxime%20Dethomas%20Lady%20at%20the%20Mirror&title=Special:MediaSearch&type=image,,drawing/work on paper
Robert Macaulay Stevenson,Forest Landscape,,c.1896,oil on canvas,87.5×42,Hermitage,ГЭ ГЭ-8973,https://www.newestmuseum.ru/full/index.php?id=GE_8973&coll=1,https://commons.wikimedia.org/w/index.php?search=Robert%20Macaulay%20Stevenson%20Forest%20Landscape&title=Special:MediaSearch&type=image,,painting
Charles Lacoste,House in the Garden,,1905,oil on canvas,24.7×32.4,Hermitage,,,https://commons.wikimedia.org/w/index.php?search=Charles%20Lacoste%20House%20in%20the%20Garden&title=Special:MediaSearch&type=image,,painting
Maurice Lobre,Hall of the Dauphine (Versailles),,1901,oil on canvas,80×94,Hermitage,,,https://commons.wikimedia.org/w/index.php?search=Maurice%20Lobre%20Hall%20of%20the%20Dauphine%20%28Versailles%29&title=Special:MediaSearch&type=image,,painting
Maurice Lobre,Hall of War at Versailles,,1903,oil on canvas,95.6×91.2,Pushkin,ГМИИ Ж-3287,,https://commons.wikimedia.org/w/index.php?search=Maurice%20Lobre%20Hall%20of%20War%20at%20Versailles&title=Special:MediaSearch&type=image,,painting
Henri Moret,Port Manec'h,,1896,oil on canvas,60.3×73.5,Hermitage,,,https://commons.wikimedia.org/w/index.php?search=Henri%20Moret%20Port%20Manec%27h&title=Special:MediaSearch&type=image,,painting
Fernand Piet,Market in Brest,,c.1899,oil on canvas,65×79.4,Hermitage,,,https://commons.wikimedia.org/w/index.php?search=Fernand%20Piet%20Market%20in%20Brest&title=Special:MediaSearch&type=image,,painting
Auguste Herbin,The Mill on the Marne. Créteil,,c.1911,oil on canvas,22×33,Hermitage,,,https://commons.wikimedia.org/w/index.php?search=Auguste%20Herbin%20The%20Mill%20on%20the%20Marne.%20Cr%C3%A9teil&title=Special:MediaSearch&type=image,,painting
Paul-César Helleu,Lady in White,,c.1895,oil on canvas,82×66,Pushkin,,,https://commons.wikimedia.org/w/index.php?search=Paul-C%C3%A9sar%20Helleu%20Lady%20in%20White&title=Special:MediaSearch&type=image,,painting
Max Liebermann,Girl with a Cow,,—,pastel on paper,54.8×74.3,Pushkin,ГМИИ Ж-3286,,https://commons.wikimedia.org/w/index.php?search=Max%20Liebermann%20Girl%20with%20a%20Cow&title=Special:MediaSearch&type=image,,drawing/work on paper
Émile-René Ménard,Landscape. Herd at the Watering Place,,—,pastel on board,73×87.5,Pushkin,ГМИИ Ж-3305,,https://commons.wikimedia.org/w/index.php?search=%C3%89mile-Ren%C3%A9%20M%C3%A9nard%20Landscape.%20Herd%20at%20the%20Watering%20Place&title=Special:MediaSearch&type=image,,drawing/work on paper
Charles Guilloux,Moonlit Night in the Forest of Montmorency,,1897,oil on canvas,37.8×60.3,Hermitage,ГЭ ГЭ-8902,https://www.newestmuseum.ru/full/index.php?id=GE_8902&coll=1,https://commons.wikimedia.org/w/index.php?search=Charles%20Guilloux%20Moonlit%20Night%20in%20the%20Forest%20of%20Montmorency&title=Special:MediaSearch&type=image,,painting
James Paterson,Morton Castle in Scotland (Enchanted Castle),,1896,oil on canvas,123×185,Pushkin,ГМИИ Ж-3315,,https://commons.wikimedia.org/w/index.php?search=James%20Paterson%20Morton%20Castle%20in%20Scotland%20%28Enchanted%20Castle%29&title=Special:MediaSearch&type=image,,painting
Lucien Simon,Boatmen,,c.1897,oil on canvas,122.5×185.5,Pushkin,ГМИИ Ж-3340,,https://commons.wikimedia.org/w/index.php?search=Lucien%20Simon%20Boatmen&title=Special:MediaSearch&type=image,,painting
Firmin Maglin,Hamlet,,1898,oil on canvas,40.6×65.1,Pushkin,,,https://commons.wikimedia.org/w/index.php?search=Firmin%20Maglin%20Hamlet&title=Special:MediaSearch&type=image,,painting
Firmin Maglin,Town with a Cathedral,,1899,oil on canvas,37.5×54.5,Hermitage,ГЭ ГЭ-7715,https://www.newestmuseum.ru/full/index.php?id=GE_7715&coll=1,https://commons.wikimedia.org/w/index.php?search=Firmin%20Maglin%20Town%20with%20a%20Cathedral&title=Special:MediaSearch&type=image,,painting
Gaston La Touche,Transfer of Relics (The Shrine),,1899,oil on canvas,144.6×156,Hermitage,ГЭ ГЭ-9653,https://www.newestmuseum.ru/full/index.php?id=GE_9653&coll=1,https://commons.wikimedia.org/w/index.php?search=Gaston%20La%20Touche%20Transfer%20of%20Relics%20%28The%20Shrine%29&title=Special:MediaSearch&type=image,,painting
Auguste Rodin,Flying Female Figure,,—,"pencil, watercolour",32×24,Pushkin,ГМИИ Р-10268,,https://commons.wikimedia.org/w/index.php?search=Auguste%20Rodin%20Flying%20Female%20Figure&title=Special:MediaSearch&type=image,,drawing/work on paper
Aristide Maillol,Venus (Nude Female Figure),,c.1900,bronze,h.66.5,Pushkin,ГМИИ СК-282,,https://commons.wikimedia.org/w/index.php?search=Aristide%20Maillol%20Venus%20%28Nude%20Female%20Figure%29&title=Special:MediaSearch&type=image,,sculpture/object
Unknown (African/Oceanic),Ritual sculpture — 5 objects (African mask copy; Senufo figures; Papua NG ancestor figure; Mali/Nigeria female figure; Chokwe male figure),,19th–early 20th c.,bronze / wood,various,Pushkin,,,https://commons.wikimedia.org/w/index.php?search=Unknown%20%28African/Oceanic%29%20Ritual%20sculpture%20%E2%80%94%205%20objects%20%28African%20mask%20copy%3B%20Senufo%20figures%3B%20Papua%20NG%20ancestor%20figure%3B%20Mali/Nigeria%20female%20figure%3B%20Chokwe%20male%20figure%29&title=Special:MediaSearch&type=image,,sculpture/object
